{
    "lighting": "none",
    "matrix": {
        "rows": 8,
        "cols": 5
    },
    "layouts": {
        "keymap": [
          [
            {
              "x": 2.997
            },
            "0,2",
            {
              "x": 6.551
            },
            "4,2"
          ],
          [
            {
              "y": -0.518,
              "x": 3.97
            },
            "0,3",
            {
              "x": 4.604999999999999
            },
            "4,3"
          ],
          [
            {
              "y": -0.844,
              "x": 4.943
            },
            "0,4",
            {
              "x": 2.6590000000000007
            },
            "4,4"
          ],
          [
            {
              "y": -0.6669999999999999,
              "x": 2.997
            },
            "1,2",
            {
              "x": 6.551
            },
            "5,2"
          ],
          [
            {
              "y": -0.5170000000000001,
              "x": 3.97
            },
            "1,3",
            {
              "x": 4.604999999999999
            },
            "5,3"
          ],
          [
            {
              "y": -0.8449999999999998,
              "x": 4.943
            },
            "1,4",
            {
              "x": 2.6590000000000007
            },
            "5,4"
          ],
          [
            {
              "y": -0.6659999999999999,
              "x": 2.997
            },
            "2,2",
            {
              "x": 6.542999999999999
            },
            "6,2"
          ],
          [
            {
              "y": -0.5180000000000002,
              "x": 3.97
            },
            "2,3",
            {
              "x": 4.604999999999999
            },
            "6,3"
          ],
          [
            {
              "y": -0.8449999999999998,
              "x": 4.943
            },
            "2,4",
            {
              "x": 2.6590000000000007
            },
            "6,4"
          ],
          [
            {
              "y": 0.028000000000000025,
              "x": 3.698
            },
            "3,2",
            {
              "x": 5.148999999999999
            },
            "7,2"
          ],
          [
            {
              "r": 4,
              "rx": 12.033,
              "ry": 3.026,
              "y": -0.5,
              "x": -0.5
            },
            "6,1"
          ],
          [
            {
              "rx": 12.097,
              "ry": 2.056,
              "y": -0.5,
              "x": -0.5
            },
            "5,1"
          ],
          [
            {
              "rx": 12.161,
              "ry": 1.087,
              "y": -0.5,
              "x": -0.5
            },
            "4,1"
          ],
          [
            {
              "r": 10,
              "rx": 12.933,
              "ry": 3.889,
              "y": -0.5,
              "x": -0.5
            },
            "6,0"
          ],
          [
            {
              "rx": 13.093,
              "ry": 2.933,
              "y": -0.5,
              "x": -0.5
            },
            "5,0"
          ],
          [
            {
              "rx": 13.252,
              "ry": 1.976,
              "y": -0.5,
              "x": -0.5
            },
            "4,0"
          ],
          [
            {
              "rx": 13.966,
              "ry": 3.638,
              "y": -0.5,
              "x": -0.5
            },
            "7,0"
          ],
          [
            {
              "r": 15,
              "rx": 5.275,
              "ry": 4.267,
              "y": -0.5000000000000004,
              "x": -0.5
            },
            "3,3"
          ],
          [
            {
              "r": 30,
              "rx": 6.272,
              "ry": 4.706,
              "y": -0.5,
              "x": -0.5
            },
            "3,4"
          ],
          [
            {
              "r": -30,
              "rx": 8.727,
              "y": -0.5,
              "x": -0.952
            },
            "7,4"
          ],
          [
            {
              "r": -15,
              "rx": 9.27,
              "ry": 4.267,
              "y": -0.5000000000000004,
              "x": -0.5
            },
            "7,3"
          ],
          [
            {
              "r": -10,
              "rx": 0.579,
              "ry": 3.638,
              "y": -0.3241999999999998,
              "x": -0.49999999999999994
            },
            "3,0"
          ],
          [
            {
              "rx": 1.293,
              "ry": 1.976,
              "y": -0.5,
              "x": -0.5
            },
            "0,0"
          ],
          [
            {
              "rx": 1.452,
              "ry": 2.933,
              "y": -0.5,
              "x": -0.5
            },
            "1,0"
          ],
          [
            {
              "rx": 1.612,
              "ry": 3.889,
              "y": -0.5,
              "x": -0.5
            },
            "2,0"
          ],
          [
            {
              "r": -4,
              "rx": 2.383,
              "ry": 1.087,
              "y": -0.5,
              "x": -0.5
            },
            "0,1"
          ],
          [
            {
              "rx": 2.448,
              "ry": 2.056,
              "y": -0.5,
              "x": -0.5
            },
            "1,1"
          ],
          [
            {
              "rx": 2.512,
              "ry": 3.026,
              "y": -0.5,
              "x": -0.5
            },
            "2,1"
          ]
        ]
    }
}